net,length_um
net56,637.72
net13,586.93
net31,570.88
net11,546.065
net5,539.93
net58,523.22
net61,522.775
net3,514.45
net15,505.93
net167,499.67
net92,488.84
net82,488.52
net54,488.13
net60,472.9
net16,471.655
net98,460.82
net47,453.64
net38,453.22
net64,451.88
net25,446.95
net74,446.57
net23,443.38
net18,441.995
net1,439.16
net33,438.98
_1002_,437.88
net88,433.92
net83,432.67
net166,425.1
net67,422.35
net48,422.245
net51,414.56
net79,408.1
_1384_,405.255
net46,403.93
net21,399.68
net41,388.72
net57,383.92
_0226_,382.94
_3209_,381.69
_0445_,381.23
_2346_,380.24
net165,379.16
_0117_,379.13
_2412_,378
net4,375.2
_0434_,366.54
_3192_,364.83
net76,364.72
net10,363.61
_1778_,361.525
_3139_,360.2
_0707_,359.1
net59,355.07
net19,355.02
net36,354.85
_0357_,353.315
net75,353.28
_1942_,346.585
net30,345.86
_1909_,345.735
net86,345.16
_1056_,344.47
_2335_,343.5
net29,342.6
net73,341.78
_1963_,336.105
net69,334.82
net20,331.66
_2270_,331.58
_1756_,331.325
net39,328
_3305_,326.87
net12,326.54
_1067_,326.16
net8,325.87
_1034_,325.055
_2401_,324.76
net2,320.46
_2182_,319.92
net43,318.37
_2784_,313.57
net53,312.72
_1810_,310.76
_1821_,310.465
net99,310
net78,306.33
net44,305.71
net45,304.45
_1876_,303.835
net17,303.65
_0477_,303.13
_0862_,302.095
net32,301.88
net22,300.84
net81,299.38
net40,295.64
net35,295.55
net70,293.46
net62,288.99
_3197_,288.85
_0281_,288.4
net28,288.38
net26,288.1
_2675_,286.87
_0466_,285.31
_2007_,285.22
_2138_,281.53
_2456_,281.23
net63,280.67
net37,275.95
_3388_,274.54
_2051_,273.81
_0205_,272.515
net9,271.76
_2445_,270.67
net55,270.1
net94,269.85
_0106_,269.375
_2237_,268.69
_2587_,265.82
_3125_,265.68
_1023_,265.24
net80,265.2
_3137_,262.44
_1275_,262.045
_1045_,259.21
_3272_,256.865
_3596_,253.7
_1865_,253.32
_2664_,249.68
_0739_,243.085
_2565_,239.19
net66,238.86
_2609_,238.06
_2127_,237.94
net52,236.9
_0320_,236.5
_2018_,235.81
_3571_,235.58
_2510_,234.52
_2751_,234.44
_2881_,233.58
_0215_,233.28
net6,232.655
net27,232.08
_2499_,231.96
_2543_,230.58
_2379_,230.385
_0181_,229.33
_0401_,229.29
net50,228.46
_2707_,228.16
_2423_,224.76
_3573_,223.27
_2740_,222.7
_2215_,222.53
_2696_,220.98
_0335_,219.885
net96,219.64
_1898_,218.41
_3133_,217.245
net100,216.78
_2259_,216.15
_3530_,213.92
_3719_,213.74
_1887_,213.62
_2390_,213.56
_3620_,213.165
_2653_,211.7
net49,211.17
_0499_,210.93
_3271_,209.33
_3644_,207.44
_3128_,207.35
_2171_,206.61
net77,206.185
_3135_,205.275
_2718_,204.52
_3213_,203.27
_2204_,203.115
_1434_,202.68
net71,202.54
_3712_,202.26
_2892_,202.065
_0194_,201.96
_3134_,200.845
_2762_,200.22
_2324_,199.73
_3425_,197.83
_0419_,197.565
_0303_,197.52
_3631_,197.415
_2925_,196.75
_3386_,196.24
_0247_,195.65
_1428_,195.01
_0575_,194.62
_0063_,193.04
_2598_,192.865
_0292_,192.8
_0041_,192.42
_2160_,192.225
net7,191.64
_3645_,191.38
_0838_,190.73
_0309_,190.63
_2980_,190.32
_0172_,190.28
net34,189.22
_0969_,188.86
_3709_,188.79
_0991_,187.88
_0652_,187.34
_3531_,185.92
_3633_,185.4
_1262_,184.66
_3589_,184.42
net42,183.38
_0558_,182.495
_3285_,181.68
_1008_,180.98
_2686_,180.3
net14,179.8
_1619_,179.76
_3046_,179.52
_1608_,178.33
_0161_,177.2
_2532_,176.255
_1620_,176
_0183_,175.78
_0328_,175.62
_1170_,175.29
_3490_,175.25
_2642_,174.37
_0688_,174.08
_0863_,173.37
net68,172.22
_3242_,172.18
_0042_,171.835
net97,170.8
_3196_,170.67
_0346_,170.37
_3352_,170.3
_0571_,170.28
_3156_,170.24
net89,170.24
_2106_,169.97
_0587_,169.66
_0110_,169.55
_3385_,168.975
_2149_,167.865
_1998_,167.78
_0380_,166.88
_3126_,166.69
_1854_,166.55
_2489_,166.49
_0980_,166.44
net65,165.92
_0293_,164.56
_3591_,164.25
_0324_,164.14
net84,162.9
_3161_,162.825
net91,162.82
_0947_,162.76
_3430_,162.455
_1623_,162.41
_0373_,162.22
_1605_,161.99
_3200_,160.3
_3424_,160.1
_3097_,159.48
_1594_,159.04
_3632_,158.84
_2263_,158.73
_0095_,158.515
net93,158.06
_0199_,157.3
_1597_,157
_0438_,156.96
_1005_,156.72
_0314_,156.595
_2029_,156.42
_3440_,155.95
_1264_,155.23
_1445_,155.16
_1152_,154.64
_0554_,154.245
_0100_,153.1
_0859_,152.54
_3414_,152.065
net72,151.4
_0864_,151.15
_1724_,150.86
_0491_,150.575
_2102_,150.32
_0860_,150.28
_2434_,150.14
_1293_,149.96
_2773_,149.36
_3194_,149.265
_2105_,148.76
_0716_,148.18
_3176_,148.01
_2117_,147.985
_3619_,147.575
_0454_,146.93
_1448_,146.745
_3442_,145.64
_0849_,145.16
_1789_,144.2
_1753_,143.83
_0850_,143.5
_0337_,143.48
_0085_,143.2
_0196_,143.17
_2126_,143.08
_3228_,142.99
_0722_,142.85
_1797_,141.65
_1004_,141.26
net24,141.1
_0390_,140.94
_2576_,140.88
_3699_,140.24
_3131_,140.16
_0220_,139.88
_3537_,139.825
_2302_,139.66
_0869_,139.58
_2467_,139.32
_2368_,138.065
_3273_,137.43
_3722_,136.795
_2313_,136.645
_2062_,136.38
_1949_,136.23
_3651_,135.84
_3301_,135.74
_0573_,135.335
_3198_,135.28
_0918_,135.14
_3163_,134.53
_1925_,133.87
_2274_,133.84
_0654_,133.66
_3077_,133.48
_0875_,133.26
_3431_,133.1
_3486_,132.88
_3512_,132.7
_3685_,131.51
_3422_,131.26
_3515_,131.18
_3343_,131.14
_3635_,130.895
_1169_,130.52
_2248_,130.205
_0488_,130.02
_0698_,129.43
_1294_,129.38
_2009_,129.035
_0222_,128.62
_3513_,128.05
_0854_,127.955
_2226_,127.955
_0521_,126.64
_0855_,126.565
_3204_,126.015
_0723_,124.735
_0327_,124.285
_0892_,123.75
_1723_,123.16
_0270_,123.14
_3087_,123.12
_2903_,122.53
_2326_,122.48
_3201_,122.14
_0000_,121.68
_1130_,121.18
_3404_,121.18
_0734_,121.08
_1566_,120.94
_3585_,120.81
_3195_,120.72
_0783_,119.37
_2299_,119.35
_3452_,118.92
_0689_,118.68
_1131_,118.68
_0903_,118.36
_0122_,118.3
_0319_,118.28
_3605_,116.52
_0087_,116.42
_3451_,116.42
_1209_,116.31
_1295_,116.06
_0591_,115.68
_3511_,115.57
_0330_,115.05
_0127_,114.56
_1277_,114.2
_3144_,114.04
_1100_,113.95
_2197_,113.9
_3493_,112.35
net163,111.92
_0696_,111.68
_3265_,111.32
_1007_,111.09
_2024_,110.64
_2239_,110.18
_0559_,109.375
_3433_,109.12
_0105_,108.98
_1873_,108.92
_0104_,108.915
_2521_,108.4
net162,108.03
_3423_,107.76
_1931_,107.75
_3517_,107.66
_1712_,107.54
_3118_,107.51
_3572_,107.23
_2013_,107.14
_1952_,105.96
_1734_,105.9
_1122_,105.88
_1012_,105.84
_1863_,105.78
_0925_,105.17
_0584_,105.11
_2023_,105.1
net124,104.89
_0099_,104.69
_0583_,104.11
_2241_,103.56
_2095_,103.46
_0453_,102.86
_3270_,102.8
_0861_,102.7
_1187_,102.615
_0444_,102.26
net101,102.18
_0848_,102.11
_3119_,102
_3448_,101.76
_3410_,100.78
_3717_,100.66
_0942_,100.37
_1698_,99.54
_0189_,98.66
_0412_,98.62
_0212_,98.26
_1799_,97.78
_0866_,97.68
_0038_,97.55
_0018_,97.02
_2046_,96.65
_0936_,96.54
_0423_,96.265
_3608_,96.02
_3718_,95.815
_0641_,95.66
_2487_,95.18
_0219_,95
_3303_,94.82
_3503_,94.55
_0344_,93.94
_3449_,93.88
_3623_,93.3
_0052_,92.96
_0870_,92.74
_2802_,92.7
_1905_,92.61
_2693_,92.16
_2231_,91.995
_0420_,91.985
_0408_,91.94
_3210_,91.24
_1767_,90.78
_1668_,90.18
_3162_,90.06
_3356_,89.96
_1745_,89.89
_0326_,89.61
_1038_,89.5
_1893_,89.5
_1701_,89.49
net194,89.42
_0174_,89.25
_1376_,89.11
net111,89.04
_3439_,89.01
_0074_,88.68
_0510_,88.46
_2042_,88.44
_2073_,87.86
_1431_,87.84
_1072_,87.8
_3518_,87.74
_3401_,87.26
_1220_,87.18
_0450_,87.16
net189,87.12
_2012_,87.11
_1870_,86.37
net119,86.24
_0844_,86.21
_2986_,86.18
_1903_,85.52
_1418_,85.4
_0340_,85.36
_0238_,85.31
_0473_,84.62
_2610_,84.46
_0024_,84.4
_1911_,84.14
_3446_,83.8
_0750_,83.58
_0458_,83.36
_0814_,83.36
_0206_,83.08
_0720_,82.83
_0480_,82.8
_0867_,82.4
_3580_,81.91
_1596_,81.5
_0350_,81.48
_0244_,81.46
_1475_,81.4
_3615_,81.39
_2926_,81.3
net104,80.9
_3705_,80.64
_0325_,80.575
_0102_,80.54
_0662_,80.515
_2490_,80.18
_0201_,80.04
_0447_,79.73
_3169_,79.68
_2438_,79.58
_2442_,79.38
_0115_,79.34
_1607_,79.335
_3348_,78.76
_0191_,78.69
_0295_,78.38
_2436_,78.38
_0025_,78.2
_1910_,78.16
_3150_,78.04
_1696_,77.13
_3334_,77.11
_0874_,76.49
_3122_,76.34
_2054_,76.32
_0339_,76.2
_3065_,76.2
_0184_,76.06
_2271_,76.04
_1573_,75.315
_0873_,75.2
_2196_,75.08
_2357_,75.04
_0360_,74.96
_3527_,74.44
_3113_,74.23
_2605_,74.22
_1721_,73.84
_0975_,73.54
_0019_,73.52
_3155_,73.52
_0536_,73.495
_3127_,73.38
_0428_,73.295
_3019_,72.93
_0599_,72.6
_3068_,72.56
_3720_,72.46
_1713_,72.18
_1522_,72.14
_3146_,71.98
_0958_,71.935
_2765_,71.76
net95,71.76
_0452_,71.59
_2660_,71.52
_3295_,71.38
_1541_,71.19
_0459_,71.17
_0429_,70.98
_2322_,70.97
_2766_,70.86
_0279_,70.72
_3400_,70.62
_1210_,70.22
_1577_,69.5
_2603_,69.24
_0881_,68.66
_2192_,68.645
_0332_,68.58
_3508_,68.58
_0436_,68.42
_3171_,68.22
_3387_,68.21
_0481_,68.08
_1338_,67.94
_0914_,67.75
_3587_,67.56
_1871_,67.3
_2233_,67.11
_0885_,67.06
_0089_,67.02
_3487_,67.02
_0815_,66.98
_0030_,66.86
_3377_,66.59
_2611_,66.51
_0839_,66.47
_0664_,66.28
_1257_,66.06
_1661_,65.98
_1249_,65.96
_1477_,65.84
_2899_,65.48
_3521_,65.46
_2443_,65.42
_1766_,65.38
_2564_,65.32
_1207_,65.24
_2803_,65.06
net191,65.06
_2768_,65.03
_0032_,64.98
_3240_,64.98
_3482_,64.68
_1256_,64.6
_0703_,64.47
_1138_,64.45
_1071_,64.31
_0418_,64.14
_1217_,64.14
_0304_,64.025
_0537_,63.9
_3052_,63.7
_2055_,63.54
_0005_,63.3
_0230_,63.22
_3378_,63.03
_1739_,62.795
_2191_,62.38
_1144_,62.375
_1539_,62.36
_3416_,62.36
_3506_,62.14
_3473_,62.12
_2483_,62.05
_0123_,62.02
_3727_,61.98
_1322_,61.86
_1165_,61.825
_1129_,61.665
_0524_,61.64
_2010_,61.62
_0721_,61.6
_1683_,61.56
_3403_,61.5
_0680_,61.4
_3185_,60.86
_3296_,60.34
_1172_,60.26
_3069_,60.2
_1350_,60.14
_2819_,59.78
_3599_,59.74
_0646_,59.485
_0679_,59.16
_2319_,59
_3157_,58.95
_1125_,58.94
_1635_,58.895
_1681_,58.6
_0578_,58.58
_3642_,58.5
_3081_,58.495
_3472_,58.44
_2121_,58.06
_0190_,57.86
_0941_,57.72
_1419_,57.65
_3074_,57.4
_3071_,57.36
_0801_,57.135
_1154_,57
_2085_,56.98
net159,56.96
_1719_,56.94
_3629_,56.82
_0409_,56.62
_3234_,56.58
net85,56.56
_0313_,56.54
_0549_,56.44
_0187_,56.365
_1450_,56.34
_1128_,56.315
_0400_,56.235
_0754_,56.1
_0993_,55.94
_1124_,55.82
_1139_,55.54
_3229_,55.22
_2323_,55.02
_1930_,54.76
_1070_,54.68
_0994_,54.67
_3292_,54.61
_2185_,54.56
_0377_,54.52
_0312_,54.46
net178,54.26
_0764_,54.24
_0712_,54.19
_3158_,54.06
_2218_,53.96
_3497_,53.94
_1639_,53.79
_1684_,53.65
_3665_,53.61
_2485_,53.54
_3136_,53.54
_1498_,53.5
_2661_,53.5
_0929_,53.3
_3454_,53.3
_1202_,53.26
_3707_,53.24
_1482_,53
_1413_,52.9
_1514_,52.84
_0930_,52.795
_2878_,52.62
_2912_,52.56
_0605_,52.46
_1451_,52.46
_2164_,52.44
_2586_,52.38
_0611_,52.365
_3283_,52.36
_1574_,52.34
_2481_,52.14
_2187_,52.12
_0525_,52.06
_0049_,51.8
_2697_,51.78
_2071_,51.56
_3308_,51.54
_0878_,51.475
_0007_,51.395
_1657_,51.38
_1159_,51.18
_0253_,51.02
_0006_,50.9
_1119_,50.88
_1091_,50.8
_1500_,50.68
_3066_,50.64
_2902_,50.62
_3728_,50.52
_1120_,50.4
_2189_,50.38
_3546_,50.38
_0884_,50.32
_0433_,50.31
_1496_,50.29
_3427_,50.28
_3529_,50.24
_2080_,50.2
_1761_,50.16
_0647_,50.14
_1250_,50.08
_2369_,50.06
_1659_,49.88
_2839_,49.86
_3350_,49.66
net123,49.635
_1244_,49.44
_0494_,49.43
_0004_,49.405
_2672_,49.3
_2566_,49.06
_0735_,49
_0693_,48.94
_3681_,48.88
_1195_,48.78
_1184_,48.76
_2859_,48.7
_1263_,48.6
_3581_,48.6
_2883_,48.54
_2294_,48.5
_3455_,48.16
_3545_,48.14
_2022_,48.12
_3207_,48
_2163_,47.825
_3340_,47.64
_0294_,47.54
_3048_,47.52
_2086_,47.44
_1011_,47.42
_0065_,47.4
_0305_,47.4
_3233_,47.38
_1676_,47.32
_0397_,46.96
_3535_,46.86
_3056_,46.8
_1988_,46.72
_0188_,46.64
_1692_,46.56
_0351_,46.54
_0609_,46.5
_3256_,46.48
_3027_,46.14
_0153_,46.085
_0572_,46.04
_1678_,45.96
_2229_,45.96
_1176_,45.905
_2690_,45.9
_0173_,45.86
_3151_,45.86
_1292_,45.76
_1578_,45.76
_1352_,45.6
_1186_,45.51
_1375_,45.38
_1848_,45.36
_1638_,45.32
net87,45.3
_1346_,45.28
_3212_,45.06
_3500_,45.06
_3276_,45.04
_0493_,44.95
_3306_,44.92
_0322_,44.9
_0435_,44.9
_1631_,44.7
_3116_,44.54
_1968_,44.38
_0984_,44.28
_3108_,44.24
_1985_,44.22
_3664_,44.22
_3428_,44.12
_2973_,44.1
_1381_,44.08
_1472_,44.02
_1570_,43.9
_2569_,43.9
_1943_,43.8
_0797_,43.665
_2081_,43.62
_2932_,43.56
_2886_,43.5
_0003_,43.48
_0567_,43.48
_1233_,43.46
_1947_,43.4
_2370_,43.26
_0717_,43.165
_0396_,43.14
_0985_,43.125
_2238_,43.06
_2036_,43.04
_1245_,43
_2353_,42.98
_1439_,42.955
_2393_,42.92
_0845_,42.88
_0266_,42.82
_1513_,42.66
_1720_,42.66
_2970_,42.54
_2128_,42.52
_3098_,42.345
_0982_,42.34
_3001_,42.32
_2397_,42.01
_1924_,41.98
_2315_,41.96
_0983_,41.92
_1272_,41.76
_3721_,41.76
_2522_,41.66
_1408_,41.58
_0076_,41.47
_1196_,41.46
_2787_,41.28
_0979_,41.27
_2381_,41.24
_3437_,41.18
_1316_,41.14
_3732_,41.08
_0371_,40.88
_2449_,40.88
_2213_,40.8
_2758_,40.8
_3307_,40.8
_0135_,40.66
_3104_,40.62
_0171_,40.58
_3061_,40.52
_1240_,40.48
_3396_,40.46
_0280_,40.42
_2070_,40.3
_3148_,40.27
_0563_,40.17
_1735_,40.12
_2151_,40.1
_1402_,39.84
_2676_,39.84
_3315_,39.8
_0317_,39.72
_1083_,39.68
_1914_,39.68
_3154_,39.66
_0802_,39.58
_1501_,39.58
_0306_,39.5
_2448_,39.48
_3602_,39.46
_0981_,39.38
_3496_,39.36
_3407_,39.26
_0710_,39.24
_1297_,39.17
_1584_,39.15
_0900_,39.05
_3220_,39.03
_1843_,38.92
_1699_,38.88
_1199_,38.8
_2691_,38.8
_2118_,38.76
_2556_,38.72
_3450_,38.68
_3561_,38.58
_1054_,38.56
_0872_,38.5
_1047_,38.5
_3036_,38.44
_1215_,38.41
_0590_,38.36
_0858_,38.36
_2336_,38.3
_3141_,38.3
_1694_,38.26
_0271_,38.18
_1197_,38.16
_2328_,37.98
_1709_,37.91
_1953_,37.9
_1218_,37.82
_1782_,37.78
_1379_,37.75
_1680_,37.74
_2219_,37.72
_1193_,37.68
_1614_,37.66
_3029_,37.48
_0160_,37.46
_3715_,37.44
_3045_,37.34
_0946_,37.18
_0033_,37.16
_1642_,37.08
_0763_,37
_2523_,37
_0163_,36.96
_2232_,36.92
_1364_,36.9
_0066_,36.88
_0506_,36.86
_3702_,36.86
_0047_,36.82
_1126_,36.8
_1708_,36.7
_0446_,36.62
_0552_,36.6
_3562_,36.515
_0806_,36.5
_1563_,36.5
_3219_,36.46
_3649_,36.4
_1092_,36.34
_2190_,36.24
_2195_,36.24
_1449_,36.14
net143,36.14
_0895_,36.13
_0778_,36.08
_0272_,36.04
_1270_,36.04
_3223_,35.98
_0154_,35.88
_2152_,35.86
_1299_,35.72
_0715_,35.7
_0231_,35.66
_1740_,35.66
_2243_,35.64
_0542_,35.62
_3030_,35.52
_1267_,35.47
_1859_,35.38
_1792_,35.34
_0179_,35.14
_2398_,35.1
_1271_,34.94
_3132_,34.94
_3491_,34.92
_0826_,34.82
_2724_,34.82
_1414_,34.78
net116,34.78
_2074_,34.76
_1769_,34.725
_2562_,34.7
_0893_,34.68
_0829_,34.675
_1982_,34.64
_2280_,34.64
_1063_,34.56
_1424_,34.52
_1603_,34.46
_2961_,34.46
_2278_,34.44
_0273_,34.42
_2713_,34.42
_1246_,34.3
_2354_,34.3
_1637_,34.24
_3174_,34.24
_0557_,34.2
_2991_,34
net102,34
_2836_,33.93
_3262_,33.92
_0402_,33.78
_2373_,33.76
_0200_,33.72
_1754_,33.72
_0156_,33.66
_3225_,33.66
_0203_,33.64
_3723_,33.64
_2651_,33.62
_0430_,33.58
_1234_,33.56
_2563_,33.5
_3083_,33.44
_0501_,33.42
_1173_,33.42
_0073_,33.36
_1746_,33.32
_3674_,33.32
_2578_,33.28
_2794_,33.14
_3054_,33.14
_3302_,33.06
_0865_,32.98
_0363_,32.935
_2413_,32.93
_1254_,32.895
_3193_,32.86
_2975_,32.84
_1850_,32.8
_1239_,32.7
_0043_,32.68
_2027_,32.66
_3507_,32.66
_1363_,32.54
_0137_,32.52
_2949_,32.5
_0934_,32.48
_1247_,32.48
_0285_,32.44
_3130_,32.36
_2867_,32.34
_0497_,32.28
_2416_,32.24
_3259_,32.24
_3310_,32.22
_1829_,32.14
_3042_,32.14
_2806_,32.12
_3025_,32.06
_3697_,32.04
_1770_,32.01
_0628_,31.84
_0204_,31.82
_0807_,31.8
_3014_,31.74
_3026_,31.68
_0915_,31.6
_1155_,31.58
_3111_,31.58
_3095_,31.54
_2119_,31.45
_2395_,31.37
_1369_,31.32
_1628_,31.3
_1601_,31.29
_1417_,31.28
_1844_,31.24
_2911_,31.2
_3516_,31.2
_2172_,31.19
_0553_,31.16
_1837_,31.12
_2194_,31.12
_0364_,31.04
_1452_,31.04
_1928_,31.02
_2099_,31
_1545_,30.96
_2497_,30.93
_1969_,30.9
_1298_,30.895
_0828_,30.86
_2908_,30.79
_1020_,30.78
_3044_,30.78
_0748_,30.76
_3675_,30.74
_0576_,30.72
_0246_,30.7
_0392_,30.68
_1534_,30.66
_1836_,30.58
_3522_,30.52
_1074_,30.51
_2374_,30.44
_3115_,30.44
_2512_,30.42
_0974_,30.38
_1194_,30.38
_2245_,30.36
_1248_,30.32
_1488_,30.32
_2288_,30.28
_0782_,30.21
_1542_,30.2
_3032_,30.16
_3601_,30.16
_2056_,30.14
_0592_,30.13
_2553_,30
_1064_,29.96
_1397_,29.92
_2168_,29.9
_2845_,29.84
_1516_,29.82
_3381_,29.82
_1080_,29.74
_3290_,29.74
_0528_,29.72
_0759_,29.72
_2327_,29.62
_1790_,29.58
_1518_,29.54
_3688_,29.28
_1548_,29.22
_1409_,29.2
_1940_,29.12
_1562_,29.06
_2729_,28.98
_1540_,28.76
_3298_,28.74
_1580_,28.66
_1646_,28.66
_1726_,28.66
_2230_,28.66
_2418_,28.66
_3035_,28.62
_0904_,28.6
_3145_,28.52
net108,28.52
_3464_,28.5
_0374_,28.44
_2537_,28.44
_3202_,28.42
_0997_,28.4
_0148_,28.39
_0427_,28.38
_2742_,28.37
_1342_,28.36
_1752_,28.36
_2541_,28.32
_2113_,28.24
_0585_,28.2
_0255_,28.18
_1213_,28.17
_1032_,28.145
_2068_,28.1
_0422_,28.04
_3008_,28.02
_0820_,28
_0287_,27.99
_1907_,27.94
_2050_,27.86
_1556_,27.78
_0414_,27.74
_1655_,27.74
_1284_,27.665
_0170_,27.64
_3230_,27.64
_3253_,27.64
_2670_,27.63
_0449_,27.6
_2410_,27.6
_3501_,27.6
_1371_,27.58
_3076_,27.56
_0530_,27.54
_1592_,27.46
_3023_,27.44
_0586_,27.42
_1845_,27.4
_3224_,27.345
_0296_,27.34
_1632_,27.32
_3402_,27.3
_0067_,27.26
_0027_,27.22
_2638_,27
_0772_,26.98
_0365_,26.94
_3584_,26.94
_2669_,26.92
_0927_,26.9
_3559_,26.88
_2275_,26.84
_0642_,26.82
_0711_,26.74
_1583_,26.74
_0486_,26.72
_2493_,26.72
_2640_,26.7
_2279_,26.64
_2043_,26.62
_2723_,26.62
_0359_,26.6
_1598_,26.58
_1763_,26.56
_0761_,26.54
_0819_,26.52
_2292_,26.4
_2455_,26.4
_3421_,26.3
_0282_,26.28
_2261_,26.24
_3730_,26.14
_2631_,26.115
_1582_,26.1
_1396_,26.04
_2600_,26.01
_3672_,26.01
_1759_,25.96
_0289_,25.9
_2914_,25.895
_1626_,25.88
net193,25.88
_1691_,25.86
_3284_,25.84
_0150_,25.815
_0208_,25.8
_0671_,25.8
_0393_,25.78
_1511_,25.78
_2763_,25.78
_2491_,25.7
_1860_,25.665
_3138_,25.63
_3215_,25.62
_1378_,25.6
_3453_,25.58
_3476_,25.54
_3538_,25.5
_3539_,25.5
_0752_,25.48
_1811_,25.48
_1018_,25.465
_0177_,25.46
_1077_,25.46
_0608_,25.44
_2306_,25.43
_1121_,25.42
_2332_,25.36
_0315_,25.34
_2303_,25.32
_2011_,25.26
_0379_,25.24
_3668_,25.23
_2093_,25.2
_0468_,25.18
_0604_,25.14
_1093_,25.1
_0432_,25.06
_2511_,25.04
_1738_,25.02
_2131_,24.96
_2722_,24.92
_2871_,24.92
_1025_,24.9
_1330_,24.9
_0919_,24.88
_2995_,24.88
_0071_,24.85
_2498_,24.8
_1043_,24.78
_1970_,24.76
_2938_,24.76
_2112_,24.66
_2552_,24.66
_0519_,24.56
_1027_,24.56
_3274_,24.51
_3652_,24.5
_1385_,24.48
_0737_,24.44
_1531_,24.44
_3653_,24.44
_1689_,24.42
_2154_,24.42
_1990_,24.38
_2452_,24.38
_0439_,24.36
_0589_,24.36
_2743_,24.34
_0751_,24.3
_0968_,24.3
_3389_,24.3
_2155_,24.28
_0661_,24.26
_2905_,24.24
_1686_,24.22
_2536_,24.2
_2857_,24.2
_1355_,24.18
_1307_,24.12
_0079_,24.1
_1252_,24.06
_0706_,24
_2990_,24
_0905_,23.96
_1954_,23.96
_1814_,23.92
_3047_,23.92
_0526_,23.9
_0358_,23.88
_0836_,23.88
_1851_,23.84
_1049_,23.82
_1866_,23.82
_3582_,23.8
_0533_,23.78
_1618_,23.72
_2647_,23.72
_2728_,23.68
_3073_,23.66
_1579_,23.64
_1216_,23.56
_3336_,23.56
_2309_,23.48
_0540_,23.46
_0808_,23.43
_2141_,23.42
_3729_,23.42
_2624_,23.4
_3264_,23.4
_1564_,23.385
net118,23.36
_0239_,23.34
_1879_,23.3
_2169_,23.3
_3391_,23.28
_1471_,23.24
net187,23.22
_0068_,23.2
_1489_,23.2
_0685_,23.195
_2482_,23.17
_2285_,23.16
net192,23.16
_1076_,23.14
_1674_,23.14
_1078_,23.12
_1142_,23.1
_2955_,23.1
_3263_,23.08
_1357_,23.06
_2355_,23.06
_1467_,23.045
_2628_,23.04
_3206_,23.04
_0676_,23.03
_0341_,23.02
_2061_,22.955
_0119_,22.86
_3159_,22.86
_2115_,22.84
_2287_,22.84
_3495_,22.84
_0673_,22.82
_2673_,22.82
_0484_,22.81
_1280_,22.8
_2411_,22.76
_1736_,22.68
_1918_,22.64
_2214_,22.64
_3480_,22.63
_0577_,22.62
_2780_,22.6
_0794_,22.58
_0897_,22.58
_3007_,22.58
net140,22.58
_1309_,22.565
_2098_,22.56
_2936_,22.54
_1132_,22.52
_2446_,22.51
_1362_,22.46
_0463_,22.44
_0421_,22.38
_1591_,22.38
_2656_,22.38
_3583_,22.36
_1224_,22.32
_1499_,22.3
_2211_,22.27
_2505_,22.22
_1180_,22.2
_2847_,22.2
_1394_,22.17
_3390_,22.16
net135,22.16
_0926_,22.14
_1920_,22.08
_0898_,22.04
_1834_,22.035
_0962_,22.02
_1329_,22
_3129_,21.98
_1149_,21.96
_0574_,21.95
_2339_,21.92
_3662_,21.9
_0660_,21.88
_1610_,21.84
_2757_,21.84
_0556_,21.8
_1251_,21.8
_2387_,21.78
_2049_,21.7
_2764_,21.7
_0910_,21.69
_0207_,21.68
_2621_,21.66
_3084_,21.66
_1432_,21.62
_2700_,21.62
_1996_,21.6
_1160_,21.58
_1490_,21.58
_1030_,21.55
_0623_,21.5
_0649_,21.5
_2466_,21.5
_1463_,21.46
_2396_,21.46
_1058_,21.4
_1219_,21.4
_0012_,21.38
_2701_,21.38
_2958_,21.38
_2855_,21.36
_0416_,21.34
_3557_,21.32
_0731_,21.3
_1858_,21.3
_3379_,21.28
_0607_,21.26
_2039_,21.24
_3558_,21.185
_0887_,21.18
_0995_,21.16
net115,21.16
_0165_,21.14
_3321_,21.14
_1649_,21.12
_2426_,21.12
_3479_,21.1
_1533_,21.08
_1991_,21.08
_2785_,21.08
_1175_,21.06
_2199_,21.06
_1311_,21.04
_1437_,21.04
_3468_,21.04
_3429_,21.02
_0487_,21
_1305_,21
_1921_,21
_3462_,21
_0520_,20.96
_3588_,20.96
_1478_,20.94
_3686_,20.925
_2014_,20.9
_3011_,20.9
_0353_,20.86
_0618_,20.84
_1805_,20.84
_1869_,20.84
_3690_,20.8
_3670_,20.765
_1205_,20.74
_0648_,20.7
_0072_,20.69
_0263_,20.62
_1590_,20.6
_1899_,20.6
_1265_,20.58
_0921_,20.56
_1442_,20.56
_2547_,20.56
_0455_,20.54
_1613_,20.54
_2922_,20.54
_3612_,20.5
_2599_,20.48
_2340_,20.44
_2053_,20.38
_0376_,20.37
_0725_,20.36
_0877_,20.36
_2147_,20.36
_1156_,20.34
_3466_,20.34
_1565_,20.32
_2687_,20.32
_3172_,20.28
_1929_,20.26
_0729_,20.24
_2549_,20.24
_2795_,20.24
_1174_,20.22
_1700_,20.2
_2343_,20.2
_1327_,20.16
_1813_,20.16
_0425_,20.14
_0909_,20.12
_0035_,20.11
_3291_,20.09
_3152_,20.08
_3703_,20.08
_1731_,20.06
_3359_,20.06
_3481_,20.04
_3221_,20.025
_2826_,20
_0237_,19.98
_3255_,19.925
_3304_,19.92
_1037_,19.9
_1800_,19.9
_1722_,19.88
_1883_,19.84
_0283_,19.8
_0670_,19.8
_1089_,19.8
_2843_,19.78
_2471_,19.76
_0988_,19.75
_1671_,19.75
_3022_,19.74
_0684_,19.71
_0924_,19.7
_2837_,19.7
_2474_,19.695
_0666_,19.66
_1421_,19.66
_0060_,19.6
_0492_,19.6
_1890_,19.6
_1586_,19.58
_2148_,19.58
_0361_,19.54
_2208_,19.54
_1927_,19.52
_3418_,19.52
_3624_,19.52
result[19],19.52
_3189_,19.5
_3257_,19.5
_0176_,19.46
_0612_,19.46
_0630_,19.44
_0747_,19.38
_2342_,19.38
_1992_,19.26
_2654_,19.24
_3695_,19.24
_1725_,19.2
_2644_,19.18
_2817_,19.18
_1999_,19.16
_0149_,19.14
_3657_,19.14
_0651_,19.12
_0259_,19.1
_3637_,19.1
_3687_,19.1
_1336_,19.08
_2987_,19.04
_1460_,19.02
_2454_,19.02
_3397_,19
_2551_,18.995
_0932_,18.98
_3563_,18.97
_0415_,18.94
_1881_,18.94
_3577_,18.94
_0766_,18.9
_1546_,18.88
net204,18.86
_3470_,18.84
_1965_,18.82
_3636_,18.82
_1609_,18.79
_1831_,18.78
_2329_,18.74
_3254_,18.74
_1801_,18.72
_2435_,18.66
_0482_,18.64
_1235_,18.64
_2524_,18.64
_0475_,18.62
_1895_,18.62
_3552_,18.61
_0321_,18.56
_3551_,18.56
_0570_,18.555
_0775_,18.52
_1758_,18.52
_1916_,18.52
_3406_,18.52
_3409_,18.5
_0162_,18.48
_2998_,18.48
_3289_,18.48
_1643_,18.46
_3186_,18.46
_3082_,18.44
_3182_,18.44
_3679_,18.44
_0956_,18.4
_1532_,18.4
_3714_,18.38
_2177_,18.36
_2560_,18.36
_0690_,18.34
_1840_,18.34
_1288_,18.28
_0518_,18.26
_1115_,18.24
_1425_,18.24
_1997_,18.24
_2140_,18.24
_2201_,18.22
_0470_,18.2
_2174_,18.2
_3199_,18.195
_1423_,18.18
_3475_,18.16
_0485_,18.14
A[0],18.09
_1536_,18.08
_0391_,18.06
_0944_,18.06
_3123_,18.06
_3166_,18.06
_1343_,18.04
_0675_,17.98
_3555_,17.96
_0081_,17.94
net144,17.91
_0635_,17.88
_1702_,17.88
_0403_,17.86
_2542_,17.86
_2710_,17.86
_0334_,17.82
_3372_,17.82
_2193_,17.765
_2737_,17.76
_2432_,17.74
_3177_,17.74
_0323_,17.72
_1841_,17.72
_2567_,17.72
_1857_,17.7
_1306_,17.69
_3000_,17.68
_2597_,17.66
_0732_,17.64
_1922_,17.64
_2484_,17.64
_0785_,17.6
_0791_,17.6
_2721_,17.6
_2870_,17.6
net112,17.59
_0479_,17.58
_3374_,17.58
_3072_,17.57
_1902_,17.555
_0682_,17.545
net173,17.53
_1651_,17.525
_1291_,17.52
_0130_,17.5
_1029_,17.49
_1146_,17.48
B[20],17.45
_3638_,17.44
_1444_,17.4
_1554_,17.4
_2153_,17.4
_2822_,17.38
_1512_,17.375
net109,17.36
_2525_,17.32
_1634_,17.315
_1872_,17.315
_0650_,17.3
_1934_,17.3
_2028_,17.3
_2457_,17.3
_0120_,17.26
_1964_,17.26
_0086_,17.24
_0765_,17.24
_2692_,17.2
_3168_,17.18
_0116_,17.14
_0579_,17.13
_0728_,17.1
_2584_,17.1
_1059_,17.04
_2818_,17.04
_0963_,17.02
_0966_,17.02
_1014_,17.02
_2937_,17.02
net156,17.02
_0143_,16.94
_1107_,16.94
_3314_,16.94
_0935_,16.92
_1502_,16.9
_0784_,16.88
_2318_,16.88
_0092_,16.84
_0097_,16.84
_0375_,16.84
_0811_,16.84
_1320_,16.84
_2461_,16.84
_0543_,16.78
_1133_,16.78
_1238_,16.78
_0945_,16.75
_1386_,16.72
_1772_,16.72
_2613_,16.7
_1906_,16.68
_2982_,16.68
_3554_,16.68
_0175_,16.66
_1166_,16.66
_1644_,16.66
_2739_,16.66
_2891_,16.66
_3626_,16.66
_2748_,16.64
_1900_,16.6
_3575_,16.58
_2801_,16.56
_3079_,16.56
_3659_,16.54
_3327_,16.535
_1824_,16.48
_3553_,16.46
_0061_,16.44
_2985_,16.44
_2101_,16.42
_0460_,16.4
_0719_,16.4
_3595_,16.4
_3550_,16.38
_0064_,16.375
_2619_,16.33
_0411_,16.32
_3293_,16.32
_0448_,16.3
_0368_,16.29
_1143_,16.29
_1882_,16.28
_3010_,16.28
_2330_,16.26
_0795_,16.24
_1200_,16.24
_0451_,16.22
_0298_,16.2
_0798_,16.2
_1137_,16.2
_1660_,16.2
_1967_,16.18
_3460_,16.18
_1106_,16.16
_3329_,16.16
_2608_,16.14
_2462_,16.12
_0749_,16.1
_1454_,16.1
_1838_,16.1
_2468_,16.095
_1528_,16.08
_2000_,16.08
_3373_,16.08
_0614_,16.06
_0355_,16.04
_1151_,16.04
_1389_,16.04
_2356_,16.02
_2824_,16.02
_2813_,16
_3509_,16
_0098_,15.96
_1339_,15.96
_1310_,15.94
_1670_,15.92
_0399_,15.9
_0632_,15.88
_0643_,15.86
_1203_,15.86
_2300_,15.86
_2643_,15.86
_1212_,15.84
_1326_,15.82
_2225_,15.82
_0124_,15.8
_0770_,15.8
_0856_,15.8
_3565_,15.79
_2337_,15.78
_2832_,15.78
net215,15.78
_1993_,15.76
_1995_,15.74
_2760_,15.74
_2811_,15.74
_1332_,15.7
_1718_,15.68
_1051_,15.66
_1791_,15.66
_2841_,15.66
_0658_,15.64
_0821_,15.64
_0922_,15.61
_1675_,15.6
_1955_,15.6
_1087_,15.56
_1885_,15.56
_0069_,15.54
_0800_,15.54
_2535_,15.54
_0318_,15.5
_1127_,15.48
_1519_,15.48
_1762_,15.48
_1830_,15.48
net154,15.48
_2500_,15.47
_3370_,15.44
_1109_,15.42
_2314_,15.42
_0593_,15.4
_0745_,15.4
_3227_,15.4
result[14],15.4
_0659_,15.38
_2290_,15.38
_1009_,15.365
_0846_,15.36
_2262_,15.36
_0118_,15.34
_1351_,15.34
_2296_,15.34
net130,15.34
net211,15.34
_1521_,15.32
_1135_,15.3
_1344_,15.3
_1422_,15.28
_0166_,15.26
_2844_,15.26
_0405_,15.24
_0823_,15.22
_2399_,15.22
_2557_,15.22
_3543_,15.22
_0514_,15.2
_1113_,15.2
_1741_,15.2
_2408_,15.2
_3677_,15.2
_0113_,15.18
_1823_,15.18
_0139_,15.16
_1960_,15.16
_2425_,15.16
_2952_,15.14
_3611_,15.12
_1065_,15.1
_2470_,15.1
_2678_,15.1
_0356_,15.06
_1136_,15.06
_1406_,15.06
_1617_,15.06
_3041_,15.06
_1010_,15.05
_0381_,15.04
_0933_,15.04
_3258_,15.04
_0629_,15.02
_1370_,15.02
_0144_,15
_2132_,15
_3459_,15
_1001_,14.99
_0083_,14.98
_1226_,14.98
_1504_,14.98
_2869_,14.98
_2360_,14.96
_3461_,14.96
_0799_,14.95
_0443_,14.94
_0672_,14.94
_2015_,14.94
_0835_,14.925
_1530_,14.92
_1656_,14.92
_3244_,14.92
net150,14.92
_0062_,14.9
_0569_,14.9
_0637_,14.9
_3170_,14.9
_0741_,14.88
_1082_,14.88
_2450_,14.88
_3114_,14.88
_1822_,14.86
_2365_,14.86
_3247_,14.84
_2109_,14.82
_1538_,14.8
_1544_,14.8
_2851_,14.8
_3028_,14.8
_3724_,14.8
_0515_,14.76
_1653_,14.76
_3384_,14.76
_0810_,14.74
_1183_,14.74
_2838_,14.74
_3663_,14.74
_0939_,14.72
_1874_,14.72
_2047_,14.72
_3548_,14.72
_0541_,14.705
_2657_,14.68
_2473_,14.665
_2159_,14.66
_0617_,14.64
_1303_,14.64
_2041_,14.64
_0267_,14.62
_0544_,14.62
_2092_,14.6
_1481_,14.56
_1535_,14.56
_2504_,14.56
_0264_,14.54
_0636_,14.54
_1162_,14.54
_2865_,14.54
_2694_,14.52
_1474_,14.5
_1908_,14.48
_1971_,14.46
_3696_,14.46
_1116_,14.4
_2459_,14.4
_3669_,14.4
_3368_,14.38
_2052_,14.35
_1606_,14.34
_2026_,14.34
_2604_,14.34
_0147_,14.3
_1403_,14.3
_1704_,14.3
_2089_,14.3
_2166_,14.3
_2486_,14.3
_3140_,14.3
_0394_,14.28
_0474_,14.28
_2203_,14.28
_2301_,14.275
_2593_,14.26
_1192_,14.24
_3120_,14.24
_2453_,14.23
_2681_,14.22
_3243_,14.22
_0683_,14.2
_1191_,14.2
_0620_,14.19
_1625_,14.18
_3278_,14.18
_1812_,14.17
_0976_,14.15
_0057_,14.14
_0796_,14.14
_1798_,14.14
_3261_,14.14
_3643_,14.14
_1258_,14.13
_2755_,14.12
_0691_,14.1
_1807_,14.1
_1989_,14.1
_2139_,14.1
_1543_,14.095
_1524_,14.08
_2617_,14.06
_0709_,14.04
_2776_,14.04
_0010_,14
_1703_,14
_2281_,14
_0809_,13.98
_1599_,13.97
_3463_,13.96
_0234_,13.95
_0890_,13.94
_3375_,13.94
_1915_,13.9
_0834_,13.88
_1098_,13.88
_0681_,13.86
_1440_,13.86
_1555_,13.86
_0109_,13.84
_2017_,13.84
_2386_,13.82
_0186_,13.78
_0704_,13.76
_1274_,13.76
_1361_,13.76
_1588_,13.76
_2090_,13.76
_3299_,13.745
_0757_,13.74
_1748_,13.72
_2216_,13.72
_2257_,13.72
_2440_,13.72
_1666_,13.7
_0701_,13.68
_2800_,13.68
_0008_,13.66
_0625_,13.64
_2377_,13.64
_0911_,13.62
_0254_,13.6
_2639_,13.6
_0527_,13.58
_1729_,13.58
_2100_,13.58
_3339_,13.56
_0899_,13.54
_2648_,13.54
_0164_,13.52
_2767_,13.52
_0146_,13.5
_0229_,13.5
_0386_,13.5
_0595_,13.5
_0508_,13.48
_0831_,13.48
_2555_,13.465
_0382_,13.45
_1349_,13.45
_2311_,13.45
_2176_,13.42
_3300_,13.42
_1383_,13.38
_0736_,13.36
_3510_,13.36
_0140_,13.34
_1446_,13.34
_0138_,13.335
_2016_,13.32
_2375_,13.32
_2025_,13.31
_0631_,13.3
_1382_,13.28
_3179_,13.28
_0136_,13.26
_0767_,13.26
_1088_,13.26
_2202_,13.26
_3175_,13.26
_2307_,13.22
_2394_,13.22
_3326_,13.22
_2688_,13.2
_0058_,13.18
_3574_,13.18
_2082_,13.16
_2761_,13.16
_0790_,13.14
_2747_,13.14
_3275_,13.14
_1716_,13.12
_2407_,13.1
_3622_,13.1
_2923_,13.06
_0082_,13.04
_0257_,13.04
_0853_,13.04
_1926_,13.04
_2244_,13.04
_2652_,13.04
_0128_,13.02
_1021_,13.02
_1179_,13.02
_1515_,13.02
_1611_,13.02
_1936_,13.02
_2107_,13.02
_0078_,13
_1353_,13
net132,13
_2507_,12.98
_3542_,12.98
_2162_,12.96
_2265_,12.96
_1090_,12.94
_3363_,12.94
_3667_,12.94
_1441_,12.92
_2167_,12.92
_3322_,12.92
_2183_,12.9
_0040_,12.88
_2433_,12.88
_2175_,12.875
_0987_,12.86
_2659_,12.86
_1123_,12.84
_1994_,12.82
_2545_,12.82
_0152_,12.8
_1360_,12.8
_2607_,12.8
_0262_,12.78
_0352_,12.78
_3604_,12.74
A[23],12.72
A[5],12.72
_1400_,12.72
_2574_,12.72
_2738_,12.72
_1600_,12.7
_1794_,12.7
_2732_,12.7
_0232_,12.68
_0640_,12.68
_0953_,12.64
_2671_,12.64
_1255_,12.62
_1358_,12.62
_1804_,12.62
_2184_,12.62
_3311_,12.62
result[11],12.62
result[21],12.62
result[26],12.62
result[7],12.62
_1852_,12.6
_2133_,12.6
_3488_,12.58
_3676_,12.58
_1825_,12.565
_0051_,12.56
_0406_,12.56
_1112_,12.56
_0971_,12.54
_1035_,12.54
_1380_,12.54
_1832_,12.54
_2695_,12.54
_3250_,12.54
_0331_,12.52
_0316_,12.5
_0349_,12.49
_0383_,12.48
_1958_,12.48
_0461_,12.46
_0653_,12.46
_1048_,12.46
_2251_,12.46
_1300_,12.4
_2635_,12.4
_1308_,12.385
net179,12.38
_0551_,12.36
_2508_,12.36
_0180_,12.34
_1188_,12.34
_1392_,12.34
net182,12.34
_1066_,12.335
_0094_,12.32
_0158_,12.32
_1372_,12.32
_1456_,12.32
B[0],12.31
_2075_,12.3
_2344_,12.3
_3211_,12.3
_0388_,12.28
_1901_,12.28
_1984_,12.28
_2217_,12.28
_0274_,12.26
_0410_,12.26
_1150_,12.24
_1755_,12.24
_1939_,12.24
_2221_,12.24
_2618_,12.24
_3313_,12.24
_0539_,12.235
_3528_,12.22
_0535_,12.2
_0908_,12.2
_1085_,12.2
_3341_,12.2
_3609_,12.2
_1337_,12.18
_3345_,12.18
_0638_,12.16
_0967_,12.16
_1057_,12.14
_3248_,12.14
_3441_,12.14
_3540_,12.14
_0509_,12.12
_1677_,12.12
_2479_,12.12
_2791_,12.12
net177,12.12
net201,12.11
_1505_,12.1
_0916_,12.095
_0724_,12.08
_0906_,12.08
_1485_,12.06
_1780_,12.04
_2846_,12.02
_3178_,12.02
_0210_,12.01
_1839_,12
_0513_,11.96
_1569_,11.96
_3523_,11.94
_3671_,11.92
_1950_,11.9
_2150_,11.9
_2853_,11.9
_0596_,11.88
_0805_,11.88
_1387_,11.88
_1568_,11.88
_1912_,11.88
_2252_,11.88
_2946_,11.88
_1483_,11.86
_0301_,11.855
_3050_,11.84
_2472_,11.82
_2890_,11.82
_2981_,11.82
_3237_,11.8
net212,11.8
_0827_,11.78
_0803_,11.76
_0108_,11.74
_0744_,11.74
_2114_,11.74
_3376_,11.74
_0268_,11.72
_2110_,11.72
_2188_,11.72
_2277_,11.72
_2580_,11.7
_2684_,11.7
_1517_,11.68
_1743_,11.68
_2594_,11.67
_3519_,11.66
_3673_,11.66
net133,11.66
_2057_,11.64
_3323_,11.64
_3364_,11.64
net195,11.64
_0111_,11.62
_0286_,11.62
_2494_,11.62
_2947_,11.6
_0213_,11.58
_1373_,11.58
_2634_,11.58
_0096_,11.56
_1468_,11.56
_1667_,11.56
_1842_,11.56
_2363_,11.56
_2509_,11.56
_2712_,11.56
_0224_,11.54
_1405_,11.54
_1786_,11.54
_2104_,11.54
_2437_,11.54
_2641_,11.54
_2736_,11.54
_2338_,11.52
_1697_,11.5
_2431_,11.5
_0056_,11.46
_1833_,11.46
_2704_,11.46
_0050_,11.455
_0989_,11.44
_0992_,11.44
_2915_,11.44
_3318_,11.44
_3566_,11.44
_0354_,11.42
_1615_,11.42
_3634_,11.42
_1484_,11.4
_1913_,11.4
_0973_,11.38
_2021_,11.38
_2123_,11.38
_0145_,11.36
_0901_,11.36
_2919_,11.36
_3725_,11.36
_3465_,11.34
_0817_,11.32
_2096_,11.32
_2715_,11.32
_3317_,11.32
_3395_,11.32
_0489_,11.3
_1427_,11.3
_1987_,11.3
_2774_,11.3
net137,11.3
_2400_,11.295
_2406_,11.28
_3110_,11.28
net208,11.28
result[0],11.26
result[31],11.26
net197,11.25
_2351_,11.24
_0169_,11.22
_0225_,11.22
_2612_,11.22
_3627_,11.22
_0275_,11.215
_0045_,11.2
_0972_,11.2
_2180_,11.2
_2554_,11.2
_2637_,11.2
_0476_,11.18
_0746_,11.18
_1044_,11.18
_3628_,11.18
net164,11.18
_3447_,11.16
_2384_,11.14
_2519_,11.14
_2371_,11.12
_2655_,11.12
_0986_,11.1
_2156_,11.1
_2210_,11.1
_2268_,11.1
_3610_,11.1
_0786_,11.08
_1390_,11.08
_2048_,11.08
_2255_,11.08
_2662_,11.08
_0610_,11.07
_0157_,11.06
_2782_,11.06
_2829_,11.06
_1664_,11.055
A[7],11.02
_2793_,11.02
_0948_,11
_2581_,11
_2627_,11
_0495_,10.98
_1178_,10.98
_1273_,10.98
_0598_,10.97
_0606_,10.96
_2087_,10.96
_2809_,10.96
_2835_,10.96
_3547_,10.96
_1641_,10.94
_2816_,10.94
_0601_,10.93
_0695_,10.92
net213,10.92
_1315_,10.9
_2666_,10.89
A[21],10.88
B[10],10.88
B[12],10.88
B[1],10.88
B[22],10.88
B[2],10.88
_0249_,10.88
_1877_,10.88
_2137_,10.88
_2741_,10.88
_3017_,10.88
_3678_,10.88
_0378_,10.86
_0512_,10.86
_0738_,10.86
_2035_,10.86
_2367_,10.86
_2821_,10.86
_2868_,10.86
_3716_,10.86
_1776_,10.845
_0756_,10.82
_1549_,10.82
_1771_,10.82
_3692_,10.82
_1457_,10.8
_0261_,10.78
_2842_,10.78
_3524_,10.78
_0656_,10.77
_1061_,10.76
_1319_,10.76
_1707_,10.76
_1966_,10.76
_3682_,10.76
_0404_,10.74
_0529_,10.74
_1108_,10.74
_1110_,10.74
_1356_,10.74
_2840_,10.74
_3149_,10.74
_3666_,10.74
_1118_,10.72
_2405_,10.72
_2534_,10.72
_2745_,10.72
_2880_,10.72
_1788_,10.7
_2786_,10.7
_3015_,10.7
_3706_,10.7
net126,10.7
B[5],10.68
_2444_,10.68
_0034_,10.66
_1036_,10.66
_1241_,10.66
_1529_,10.66
_2220_,10.66
_2417_,10.66
_3639_,10.66
_2568_,10.655
_1537_,10.64
_1855_,10.64
_1973_,10.64
_2366_,10.62
_3241_,10.62
_3332_,10.61
_0824_,10.6
_2359_,10.6
_0336_,10.58
_3362_,10.58
_1888_,10.56
_0813_,10.54
_0920_,10.54
_3051_,10.54
_3492_,10.54
_0503_,10.52
_2591_,10.5
net122,10.5
_1629_,10.49
net183,10.48
_2825_,10.46
_3080_,10.46
A[22],10.42
A[31],10.42
B[13],10.42
B[19],10.42
B[23],10.42
B[30],10.42
_1470_,10.42
_3556_,10.42
control[1],10.42
_3316_,10.41
_0288_,10.4
_0616_,10.4
_0960_,10.4
_1815_,10.4
_1976_,10.4
_2358_,10.4
_2402_,10.4
_3371_,10.4
_0496_,10.39
_1101_,10.38
_2533_,10.38
_2797_,10.36
_3353_,10.35
_1341_,10.34
_1374_,10.34
_2083_,10.34
_2209_,10.34
_0517_,10.32
_0830_,10.32
result[17],10.32
result[22],10.32
result[4],10.32
result[5],10.32
result[6],10.32
_0516_,10.3
_2143_,10.3
_1747_,10.285
_0923_,10.28
_1328_,10.28
_1167_,10.26
_1359_,10.26
_3251_,10.24
net207,10.24
_0168_,10.2
_1695_,10.2
_2031_,10.2
_2421_,10.2
_3031_,10.2
_3365_,10.2
net107,10.2
net200,10.2
_0686_,10.18
_1260_,10.18
_2526_,10.18
_0093_,10.16
_0742_,10.16
_1682_,10.16
_2091_,10.16
_2717_,10.16
_2727_,10.16
_3367_,10.16
_1506_,10.14
_1774_,10.14
_1466_,10.105
_2321_,10.1
_2650_,10.1
_3560_,10.1
_0055_,10.08
_0080_,10.08
_1673_,10.08
_2754_,10.08
_2848_,10.08
net175,10.08
_1073_,10.06
_2558_,10.06
_3483_,10.06
_0507_,10.04
_2389_,10.04
_2391_,10.04
_2415_,10.04
net106,10.04
_0236_,10.02
_2852_,10.02
_0256_,10
_1401_,9.98
result[15],9.98
net131,9.98
A[4],9.96
_0366_,9.96
_0615_,9.96
_1846_,9.96
_2249_,9.96
_2649_,9.96
_2796_,9.96
_3357_,9.96
_3457_,9.96
net138,9.96
_0151_,9.94
_0657_,9.94
_0290_,9.92
_2725_,9.92
_1221_,9.91
_0367_,9.9
_3287_,9.9
_0385_,9.88
_2144_,9.88
_2646_,9.88
result[13],9.88
net209,9.88
_1520_,9.86
_0793_,9.84
_2032_,9.84
_2744_,9.84
_2799_,9.84
_1086_,9.82
_1323_,9.82
_1868_,9.82
_1974_,9.82
_2333_,9.82
_2469_,9.82
_0876_,9.81
_1145_,9.8
_1904_,9.795
_2948_,9.78
_1185_,9.76
net196,9.76
_0088_,9.74
_1672_,9.74
_1978_,9.74
_1662_,9.72
_2602_,9.72
net203,9.72
_0031_,9.7
_0258_,9.7
_0613_,9.7
_0622_,9.7
_0787_,9.7
_1117_,9.7
_2430_,9.7
_3536_,9.7
_3544_,9.7
_0771_,9.695
_2325_,9.66
_3181_,9.66
_3217_,9.65
_2876_,9.64
_3654_,9.64
_2496_,9.62
_3660_,9.62
_0407_,9.61
_0792_,9.6
_0048_,9.58
_0107_,9.58
_0937_,9.58
_1340_,9.58
_1757_,9.58
_3055_,9.58
_3650_,9.58
_2601_,9.56
_3090_,9.54
_3358_,9.54
_3342_,9.52
_3347_,9.52
_3380_,9.51
_1190_,9.5
_1576_,9.5
_2506_,9.5
_3382_,9.5
_2186_,9.48
_2247_,9.48
_2595_,9.48
_2606_,9.48
_2703_,9.48
_3183_,9.48
_3408_,9.48
net188,9.48
_0743_,9.46
_1575_,9.46
_3236_,9.46
_0645_,9.44
_2094_,9.44
_2134_,9.42
_2464_,9.4
_2630_,9.4
_3369_,9.4
_0059_,9.38
_0478_,9.38
_1141_,9.38
_1853_,9.38
_2709_,9.38
_0462_,9.36
_0727_,9.36
net202,9.32
_0467_,9.3
_0028_,9.28
_1345_,9.28
_2008_,9.28
_2198_,9.28
_2419_,9.28
_2539_,9.28
net136,9.28
_0677_,9.275
_0133_,9.26
_3024_,9.26
_0387_,9.24
_0465_,9.24
_1094_,9.24
_1410_,9.24
_1473_,9.24
_2561_,9.24
_1111_,9.22
_1033_,9.215
A[1],9.18
A[2],9.18
B[3],9.18
_0868_,9.18
_3445_,9.17
_0943_,9.16
_1189_,9.16
_2614_,9.16
_3232_,9.16
_1886_,9.12
_3107_,9.12
_3419_,9.12
_2759_,9.1
_3222_,9.08
_0311_,9.06
_0546_,9.06
_1856_,9.04
_2033_,9.04
_1177_,9.02
_2863_,9.02
_3436_,9.02
_0395_,9
_1084_,9
_1816_,9
_3646_,9
_0223_,8.98
_0678_,8.98
_1050_,8.98
_0708_,8.96
_1980_,8.96
result[1],8.96
result[23],8.96
_0192_,8.95
_1283_,8.945
_1348_,8.94
_2528_,8.94
_2645_,8.94
result[24],8.94
_0016_,8.92
_0990_,8.92
_2517_,8.92
_0245_,8.9
_0545_,8.9
_0883_,8.9
_2045_,8.9
_2178_,8.9
_2583_,8.9
_3235_,8.9
_3505_,8.9
net148,8.9
net170,8.9
_1777_,8.88
_1835_,8.88
_2503_,8.88
net168,8.88
_0755_,8.865
_0760_,8.86
_1232_,8.845
A[16],8.84
B[24],8.84
B[31],8.84
_1426_,8.84
_1552_,8.84
_2235_,8.84
_2502_,8.84
_0959_,8.83
_2376_,8.825
_0457_,8.82
_0602_,8.82
_1593_,8.82
_2157_,8.82
_2331_,8.82
_2582_,8.82
_3249_,8.82
_0812_,8.8
_1884_,8.8
_3319_,8.8
_3616_,8.8
_0639_,8.78
_0667_,8.78
_0774_,8.78
_3231_,8.78
_0483_,8.74
_1281_,8.74
_3099_,8.74
A[24],8.73
A[18],8.72
A[20],8.72
B[15],8.72
B[28],8.72
B[8],8.72
_0441_,8.72
_1164_,8.72
_1508_,8.7
_3331_,8.7
_2572_,8.695
_1324_,8.675
_0114_,8.66
_0762_,8.66
_0970_,8.66
_2181_,8.66
_3598_,8.62
_3607_,8.62
_0726_,8.6
_3063_,8.6
_0928_,8.58
_0940_,8.58
_1040_,8.58
_2527_,8.58
_2663_,8.58
_2698_,8.58
_0021_,8.56
_1411_,8.56
_1862_,8.56
_2040_,8.56
_2513_,8.56
_2575_,8.56
_2749_,8.56
_2860_,8.56
_2234_,8.52
_1737_,8.5
net145,8.5
_2146_,8.49
_1140_,8.48
_2873_,8.48
_3640_,8.48
_0103_,8.46
_2240_,8.46
_3541_,8.46
_1416_,8.44
_2538_,8.44
_3405_,8.44
_3456_,8.44
_2708_,8.42
_3330_,8.42
_2246_,8.415
_2976_,8.4
A[19],8.38
_0227_,8.38
_0714_,8.38
_2889_,8.38
_3190_,8.38
_1710_,8.37
_3180_,8.37
_0020_,8.36
_0265_,8.36
_0531_,8.36
_2005_,8.36
_2001_,8.34
net210,8.34
_1052_,8.335
_1301_,8.32
_2125_,8.32
_2161_,8.32
_2441_,8.32
_3016_,8.32
_3191_,8.32
_2067_,8.3
_2447_,8.29
_3438_,8.29
_1715_,8.24
_2495_,8.24
_2735_,8.24
_3469_,8.24
_2515_,8.22
_2882_,8.22
_2142_,8.21
_1665_,8.205
_0090_,8.2
_1435_,8.2
_2683_,8.2
_3443_,8.2
_1785_,8.16
_2699_,8.16
_2896_,8.16
_1147_,8.14
_3444_,8.14
net141,8.14
_2864_,8.13
_0250_,8.12
_0580_,8.12
_0694_,8.12
_0931_,8.12
_1847_,8.12
_3458_,8.12
_0141_,8.1
_1181_,8.1
_1796_,8.1
_2207_,8.1
_2629_,8.1
_2677_,8.1
_3328_,8.1
_1550_,8.095
_2076_,8.08
_2705_,8.08
_0999_,8.06
_1208_,8.06
_3252_,8.06
net103,8.06
_1595_,8.04
_2116_,8.04
result[20],8.04
result[28],8.04
result[29],8.04
net190,8.04
net206,8.04
_0342_,8.02
_0362_,8.02
_0773_,8.02
_0841_,8.02
_0912_,8.02
_0996_,8.02
_1104_,8.02
_2019_,8.02
_3621_,8.02
_0469_,8
_0837_,8
_0907_,8
_1495_,8
_1919_,8
_2714_,7.99
_1168_,7.98
_1433_,7.98
_1826_,7.98
_2530_,7.97
B[7],7.95
A[14],7.93
B[21],7.93
B[25],7.93
A[8],7.92
_1867_,7.92
_2349_,7.92
_2382_,7.92
_0155_,7.9
_1099_,7.9
_1560_,7.9
_1571_,7.9
_2079_,7.9
_2866_,7.9
_3564_,7.9
_2170_,7.88
_0964_,7.875
_0347_,7.87
_2037_,7.86
_2392_,7.86
_3613_,7.86
B[11],7.81
_1497_,7.79
_0121_,7.78
_0456_,7.78
_1062_,7.78
_1313_,7.78
_1587_,7.78
_1742_,7.78
_2064_,7.78
_2792_,7.78
_2887_,7.78
_3153_,7.78
_0538_,7.76
_2266_,7.76
_2752_,7.76
_0131_,7.74
_1259_,7.74
_1802_,7.74
_2590_,7.74
_2830_,7.74
_1627_,7.73
_1243_,7.68
_1765_,7.68
_2063_,7.68
_2341_,7.68
_3655_,7.68
_3694_,7.68
net105,7.68
_1227_,7.67
_2352_,7.67
_0523_,7.66
_1669_,7.66
_2828_,7.66
_3325_,7.66
_3658_,7.66
_0300_,7.64
_1469_,7.64
_1957_,7.64
_2439_,7.64
_2492_,7.64
_2983_,7.64
_3618_,7.64
_3549_,7.635
_1415_,7.62
_3142_,7.62
_3349_,7.62
_3057_,7.6
_2540_,7.59
_0582_,7.58
net113,7.57
_1017_,7.565
_0308_,7.56
_0879_,7.56
_1230_,7.56
_1679_,7.56
_1732_,7.56
_2129_,7.56
_2548_,7.56
_2588_,7.56
_2884_,7.56
_3216_,7.56
_1861_,7.55
_1016_,7.54
_1214_,7.54
_2592_,7.54
_0009_,7.52
_1095_,7.52
_1972_,7.52
_3661_,7.52
_2120_,7.5
_0998_,7.48
B[16],7.47
_3100_,7.46
_3226_,7.46
_0017_,7.44
_0343_,7.44
_0624_,7.44
_0949_,7.44
_1727_,7.44
_2253_,7.44
_2734_,7.44
_3312_,7.44
net153,7.44
_1503_,7.42
_1894_,7.42
_0502_,7.4
_1114_,7.4
_2831_,7.4
A[28],7.37
A[9],7.37
_1388_,7.34
_1633_,7.34
_1728_,7.34
_1493_,7.32
_1650_,7.32
_1705_,7.32
_2205_,7.32
_2334_,7.32
_2350_,7.32
_2409_,7.32
_2429_,7.32
_2632_,7.32
_1024_,7.315
_1053_,7.31
_0950_,7.3
_0054_,7.28
_0718_,7.28
_2228_,7.28
A[10],7.25
B[17],7.25
_0211_,7.22
_0880_,7.22
_1333_,7.22
_1429_,7.22
_0214_,7.2
_0278_,7.2
_0781_,7.2
_0978_,7.2
_1557_,7.2
_1585_,7.2
_1652_,7.2
_1706_,7.2
_2622_,7.2
_0142_,7.18
_0209_,7.18
_0565_,7.18
_1717_,7.18
_1961_,7.18
_2295_,7.18
_2779_,7.18
_3267_,7.18
_3383_,7.18
_3474_,7.18
_3656_,7.18
_3731_,7.18
_2798_,7.16
_0965_,7.155
_2345_,7.15
_2069_,7.13
_1923_,7.12
_2615_,7.105
_0251_,7.1
_0511_,7.1
_0816_,7.1
_1730_,7.1
_2135_,7.1
_2380_,7.1
_1377_,7.08
_1875_,7.08
_0044_,7.06
_0955_,7.06
_1134_,7.06
_1687_,7.06
_2623_,7.06
_2875_,7.06
_3075_,7.06
_3078_,7.06
_3494_,7.06
_1479_,7.04
_2920_,7.04
control[2],7.03
B[18],7.01
result[18],7.01
_3533_,7
_0126_,6.99
_2165_,6.98
_2236_,6.98
_2480_,6.98
_2706_,6.98
_2904_,6.98
_3187_,6.98
_0260_,6.96
_0338_,6.96
_1158_,6.96
_1420_,6.96
_3324_,6.96
_0039_,6.94
_1391_,6.94
_1494_,6.94
_1026_,6.9
_2834_,6.89
_1820_,6.88
_3143_,6.88
_3698_,6.88
net117,6.88
_0053_,6.86
_0644_,6.86
_1412_,6.86
_2625_,6.86
_2807_,6.86
_1744_,6.85
_2789_,6.84
_3297_,6.84
_2827_,6.82
A[15],6.79
_2476_,6.79
_2546_,6.79
_0431_,6.78
_0847_,6.78
_2544_,6.78
_0560_,6.765
_0655_,6.76
_0882_,6.76
_1204_,6.76
_2420_,6.76
_2550_,6.76
_2849_,6.76
_3280_,6.76
_3471_,6.76
net158,6.76
_0384_,6.74
_1041_,6.74
_1055_,6.74
_2730_,6.74
_2781_,6.74
_3246_,6.74
_3567_,6.74
_0547_,6.72
_0548_,6.72
_0730_,6.72
_2059_,6.72
_2877_,6.72
_3167_,6.72
_0013_,6.66
_0178_,6.66
_0504_,6.66
_2122_,6.66
_2451_,6.66
_2804_,6.66
_2814_,6.66
_1398_,6.64
_1589_,6.64
_1806_,6.64
_2227_,6.64
_2383_,6.64
_2620_,6.64
_2726_,6.64
_2823_,6.64
net149,6.64
net151,6.64
_0951_,6.62
_1951_,6.62
_1941_,6.6
_2893_,6.6
A[3],6.57
_1039_,6.54
_1182_,6.54
_2711_,6.54
_3603_,6.54
_0029_,6.52
_0490_,6.52
_0626_,6.52
_2224_,6.52
_2501_,6.52
_2805_,6.52
_3360_,6.52
_1102_,6.51
_1404_,6.5
_0036_,6.48
_1335_,6.48
_1547_,6.48
_1917_,6.48
_0740_,6.47
_0674_,6.42
_0233_,6.4
_1000_,6.4
_2559_,6.4
_2636_,6.4
_3641_,6.4
_0500_,6.33
zero_flag,6.33
_0217_,6.32
_1430_,6.32
_2719_,6.32
_2894_,6.32
_2933_,6.32
B[27],6.31
_0668_,6.3
_0669_,6.3
_0833_,6.3
_0857_,6.3
_1581_,6.3
_2520_,6.3
_2778_,6.3
_2833_,6.3
_3105_,6.3
net185,6.3
_0026_,6.28
_0235_,6.28
_0464_,6.28
_0603_,6.28
_0913_,6.28
_1366_,6.28
_3467_,6.28
_0498_,6.26
_1068_,6.26
_1622_,6.26
_1849_,6.26
_1937_,6.26
_2077_,6.26
_2298_,6.26
_2750_,6.26
_2940_,6.26
_1693_,6.24
result[16],6.21
_1028_,6.2
_2885_,6.2
_3279_,6.2
_3701_,6.2
_0561_,6.18
_1022_,6.18
_1261_,6.18
_1733_,6.18
_1783_,6.18
_1897_,6.18
_1981_,6.18
_2909_,6.18
_2918_,6.18
_2943_,6.18
_2994_,6.18
_3070_,6.18
_3335_,6.18
_3630_,6.18
_0070_,6.16
_2731_,6.16
_0276_,6.14
_1711_,6.14
_1889_,6.14
_2030_,6.14
_2044_,6.14
_2427_,6.14
_2465_,6.14
_2964_,6.14
_3277_,6.14
A[17],6.11
_0243_,6.11
A[29],6.09
B[4],6.09
_2570_,6.075
_0134_,6.06
_0804_,6.06
_1222_,6.06
_1304_,6.06
_1487_,6.06
_1551_,6.06
_1795_,6.06
_2097_,6.06
_2514_,6.06
_2626_,6.06
_3647_,6.06
_0241_,6.05
_0633_,6.04
_0777_,6.02
_2475_,6.02
_1171_,5.98
_3592_,5.98
B[29],5.97
B[9],5.97
_2256_,5.96
_2283_,5.96
_0218_,5.94
_0788_,5.94
_1561_,5.94
_1663_,5.94
_2815_,5.94
_2906_,5.9
_1302_,5.86
_1749_,5.86
_2458_,5.86
_3058_,5.86
_3086_,5.86
_0022_,5.84
_0228_,5.84
_0843_,5.84
_1760_,5.84
_1938_,5.84
_2284_,5.84
_2783_,5.84
_2874_,5.84
_3124_,5.84
_3392_,5.84
_2088_,5.82
_2272_,5.82
_3320_,5.82
_1827_,5.8
_2004_,5.8
_2898_,5.8
_3281_,5.8
A[26],5.77
_0132_,5.74
_0588_,5.74
_0952_,5.74
_1285_,5.74
_1354_,5.74
_2518_,5.74
_2930_,5.74
_0555_,5.735
_0198_,5.72
_0333_,5.72
_2858_,5.72
_3489_,5.72
_3498_,5.72
_3525_,5.72
_3614_,5.72
_1464_,5.7
_2769_,5.7
_0167_,5.68
_1476_,5.68
_1775_,5.68
_3354_,5.68
_3625_,5.68
net114,5.68
_0248_,5.62
_1878_,5.62
_2111_,5.62
_2771_,5.62
_0840_,5.6
_1480_,5.6
_1750_,5.6
_1817_,5.6
_1933_,5.6
_2531_,5.6
_2477_,5.58
_1163_,5.56
_3147_,5.56
_3239_,5.56
_1289_,5.53
result[10],5.53
result[12],5.53
result[27],5.53
result[2],5.53
result[3],5.53
result[9],5.53
_2689_,5.52
_1331_,5.5
_1523_,5.49
_0917_,5.48
_3109_,5.48
_3337_,5.48
net146,5.475
_2038_,5.46
_3420_,5.46
_1266_,5.45
A[30],5.41
control[0],5.41
_0825_,5.4
_1042_,5.4
_1962_,5.4
_3184_,5.4
_3366_,5.4
net184,5.4
_0550_,5.38
_0665_,5.38
_1157_,5.38
_2362_,5.38
_2944_,5.38
_3096_,5.38
_3333_,5.38
_3502_,5.38
net121,5.38
_2282_,5.36
_2347_,5.36
_2424_,5.36
_2460_,5.36
_0954_,5.34
_1060_,5.34
_2020_,5.34
_2108_,5.34
_2388_,5.34
_2616_,5.34
_2810_,5.34
_2951_,5.34
_2968_,5.34
net214,5.34
_0389_,5.28
_0842_,5.28
_1325_,5.28
_1690_,5.28
_2267_,5.28
_3434_,5.28
_0129_,5.26
_0197_,5.26
_0440_,5.26
_1407_,5.26
_1455_,5.26
_1787_,5.26
_1896_,5.26
_2058_,5.26
_2320_,5.26
_3037_,5.26
_3309_,5.26
_3426_,5.26
_3435_,5.26
_3499_,5.26
_3606_,5.26
_0471_,5.24
_0977_,5.24
_2999_,5.24
_0291_,5.22
_0522_,5.22
_0818_,5.22
_1006_,5.22
_2003_,5.22
_2212_,5.22
_2242_,5.22
_2962_,5.22
_3064_,5.22
_3514_,5.22
_3534_,5.22
_2223_,5.19
result[25],5.19
_1630_,5.16
_0780_,5.15
_0240_,5.14
_1013_,5.14
_1096_,5.14
_1296_,5.14
_1645_,5.14
_2254_,5.14
_2942_,5.14
A[12],5.07
_0562_,5.06
_0779_,5.06
net160,5.04
_0768_,5.02
_2756_,5.02
A[6],4.95
control[3],4.95
_1237_,4.94
_1621_,4.94
_1944_,4.94
_1979_,4.94
_2124_,4.94
_2585_,4.94
_2959_,4.94
_3091_,4.94
_3680_,4.94
_0242_,4.92
_0627_,4.92
_1161_,4.92
_1236_,4.92
_1572_,4.92
_1880_,4.92
_2258_,4.92
_2478_,4.92
_2777_,4.92
_3094_,4.92
_3288_,4.92
net199,4.92
_0871_,4.905
_1507_,4.9
_1986_,4.9
_2273_,4.9
_2770_,4.9
_3526_,4.9
_0023_,4.88
_0832_,4.88
_2733_,4.88
_2929_,4.88
net174,4.88
_1648_,4.85
result[30],4.85
result[8],4.85
_1658_,4.83
_2173_,4.82
_2862_,4.82
_3039_,4.82
_3520_,4.82
_3576_,4.82
net110,4.82
_2895_,4.81
_1228_,4.8
_1654_,4.8
_2372_,4.8
_2589_,4.8
_2879_,4.8
_2900_,4.8
_3006_,4.8
_3038_,4.8
_3117_,4.8
net90,4.8
_1225_,4.78
_1647_,4.78
_3043_,4.77
_1367_,4.76
_1956_,4.76
_2103_,4.76
_2746_,4.76
_1616_,4.74
A[25],4.73
B[26],4.73
_1486_,4.7
_3593_,4.7
_3683_,4.7
_2006_,4.68
_3532_,4.68
_2422_,4.66
_1612_,4.6
_2571_,4.6
net155,4.6
_2665_,4.58
_3088_,4.58
_3432_,4.58
_2969_,4.56
_3411_,4.56
_2702_,4.54
_0299_,4.48
_1287_,4.48
_1781_,4.48
_2269_,4.48
_2856_,4.48
_2945_,4.48
_3238_,4.48
_0348_,4.46
_0957_,4.46
_0961_,4.46
_1206_,4.46
_1510_,4.46
_1685_,4.46
_1688_,4.46
_1948_,4.46
_2264_,4.46
_2348_,4.46
_2488_,4.46
_2788_,4.46
_2988_,4.46
_3021_,4.46
_3590_,4.46
_0634_,4.44
_1003_,4.44
_1286_,4.44
_3102_,4.44
_1347_,4.42
_1447_,4.42
_1453_,4.42
_2861_,4.42
_3188_,4.42
net128,4.42
_0733_,4.41
_0310_,4.37
_0699_,4.36
_1314_,4.36
_1983_,4.36
_2060_,4.36
_2667_,4.36
_3093_,4.36
_3165_,4.36
net134,4.36
net181,4.36
_0101_,4.34
_0896_,4.34
_1231_,4.34
_1465_,4.34
_1793_,4.34
_2066_,4.34
_2364_,4.34
_2596_,4.34
_2984_,4.34
A[13],4.27
A[27],4.27
_0369_,4.24
_1395_,4.24
_2775_,4.24
_0534_,4.22
_1211_,4.22
_1977_,4.22
_3568_,4.22
_3569_,4.22
_2084_,4.14
_2078_,4.12
_3711_,4.12
_0705_,4.11
_2361_,4.08
_2305_,4.03
_0077_,4.02
_0413_,4.02
_1459_,4.02
_1784_,4.02
_1975_,4.02
_2316_,4.02
_3205_,4.02
_0015_,4
_0202_,4
_0472_,4
_0600_,4
_0889_,4
_1153_,4
_1253_,4
_1509_,4
_1558_,4
_1808_,4
_1891_,4
_1946_,4
_2136_,4
_2312_,4
_2996_,4
_3089_,4
_3484_,4
_3693_,4
net169,4
_0269_,3.98
A[11],3.93
B[14],3.93
B[6],3.93
_1312_,3.91
_0014_,3.9
_0564_,3.9
_0753_,3.9
_1198_,3.9
_1640_,3.9
_2924_,3.9
net142,3.9
net147,3.9
_3617_,3.885
_0001_,3.88
_0159_,3.88
_0789_,3.88
_1559_,3.88
_1959_,3.88
_3009_,3.88
_3203_,3.88
_3412_,3.88
_3570_,3.88
_3586_,3.88
_3713_,3.88
_3005_,3.86
_1602_,3.78
_3398_,3.78
_0769_,3.76
_3012_,3.76
_3417_,3.76
_1438_,3.68
_1567_,3.68
_2674_,3.68
_2808_,3.68
_2850_,3.68
_2997_,3.68
_1223_,3.66
_2685_,3.66
_2953_,3.66
_3092_,3.66
_3600_,3.66
_0002_,3.585
_0851_,3.56
_1242_,3.56
_2971_,3.56
_3268_,3.56
_3269_,3.56
_3684_,3.56
_3700_,3.56
_0046_,3.54
_0125_,3.54
_0938_,3.54
_1081_,3.54
_1276_,3.54
_1365_,3.54
_1399_,3.54
_1828_,3.54
_2002_,3.54
_2065_,3.54
_2130_,3.54
_3060_,3.54
_3121_,3.54
_3245_,3.54
_3578_,3.54
_3726_,3.54
net129,3.54
_1279_,3.53
_1268_,3.52
_2979_,3.52
_0437_,3.44
_0822_,3.44
_0888_,3.44
_2950_,3.44
net205,3.44
_0084_,3.42
_0297_,3.42
_0692_,3.42
_0886_,3.42
_1097_,3.42
_1768_,3.42
_2250_,3.42
_2293_,3.42
_2304_,3.42
_2317_,3.42
_2931_,3.42
_2941_,3.42
_2993_,3.42
_3260_,3.42
_3704_,3.42
_0037_,3.35
_2753_,3.32
_2812_,3.3
_3106_,3.3
_0091_,3.22
_2680_,3.22
_2682_,3.22
_3112_,3.22
_3477_,3.22
_0581_,3.115
_1809_,3.1
_2072_,3.1
_2206_,3.1
_2716_,3.1
_2910_,3.1
_2916_,3.1
_2960_,3.1
_3067_,3.1
_3597_,3.1
_0011_,3.08
_0372_,3.08
_0442_,3.08
_0663_,3.08
_0687_,3.08
_0702_,3.08
_1079_,3.08
_1103_,3.08
_1491_,3.08
_2286_,3.08
_2414_,3.08
_2529_,3.08
_2854_,3.08
_2966_,3.08
_3286_,3.08
_3344_,3.08
_3351_,3.08
net120,3.08
net180,3.08
_2992_,3.05
_1779_,2.98
_2463_,2.98
net186,2.98
_0112_,2.96
_1624_,2.96
_1803_,2.96
_1932_,2.96
_2179_,2.96
_2577_,2.96
_2957_,2.96
_3053_,2.96
_3282_,2.96
_3394_,2.96
_1443_,2.86
_3218_,2.86
_1317_,2.84
_2790_,2.76
_3294_,2.76
_3485_,2.76
_1290_,2.74
_2222_,2.74
_2403_,2.74
_0697_,2.72
_0307_,2.715
_1015_,2.64
_1458_,2.64
_1714_,2.64
_2158_,2.64
_2633_,2.64
_2888_,2.64
_3003_,2.64
_3062_,2.64
_3214_,2.64
_3361_,2.64
_3413_,2.64
_3504_,2.64
_0345_,2.62
_0758_,2.62
_2901_,2.62
_2974_,2.62
_3013_,2.62
_3040_,2.62
_3049_,2.62
_3346_,2.62
_3393_,2.62
_3399_,2.62
net139,2.62
net161,2.62
_1526_,2.61
_0182_,2.52
_0302_,2.52
_0370_,2.52
_1764_,2.52
_2276_,2.52
_2872_,2.52
_0532_,2.5
_0594_,2.5
_0621_,2.5
_1031_,2.5
_1864_,2.5
_2145_,2.5
_2310_,2.5
_2404_,2.5
_2658_,2.5
_2934_,2.5
_2978_,2.5
_3160_,2.5
_3208_,2.5
_3266_,2.5
_3415_,2.5
_3689_,2.5
_3710_,2.5
_0221_,2.45
_1105_,2.3
_1368_,2.3
_1436_,2.3
_1492_,2.3
_1819_,2.3
_2385_,2.3
_2772_,2.3
_3004_,2.3
net172,2.23
_0185_,2.18
_0424_,2.18
_0426_,2.18
_0852_,2.18
_1945_,2.18
_2428_,2.18
_2907_,2.18
_2954_,2.18
_0398_,2.16
_0505_,2.16
_0619_,2.16
_1282_,2.16
_1321_,2.16
_1393_,2.16
_1461_,2.16
_1527_,2.16
_1751_,2.16
_2516_,2.16
_2928_,2.16
_2965_,2.16
_3101_,2.16
_3355_,2.16
net125,2.16
net152,2.16
net157,2.16
_1019_,2.06
_1075_,2.06
_2200_,2.06
_2573_,2.06
_2956_,2.06
_3034_,2.06
net127,2.06
_0216_,2.04
_0568_,2.04
_0597_,2.04
_0713_,2.04
_0776_,2.04
_0891_,2.04
_1525_,2.04
_2260_,2.04
_2921_,2.04
_3648_,2.04
net171,2.04
_1773_,1.95
_2289_,1.94
_3594_,1.94
_0252_,1.84
_0284_,1.84
_0417_,1.84
_3002_,1.84
_3579_,1.84
_3691_,1.84
_0075_,1.72
_0700_,1.72
_1069_,1.72
_1334_,1.72
_1935_,1.72
_2034_,1.72
_2308_,1.72
_2668_,1.72
_2967_,1.72
_3018_,1.72
_0277_,1.7
_0329_,1.7
_1269_,1.7
_1318_,1.7
_1553_,1.7
_1636_,1.7
_1818_,1.7
_2679_,1.7
_2820_,1.7
_2939_,1.7
_2977_,1.7
_3059_,1.7
_3085_,1.7
_3164_,1.7
_3173_,1.7
_3708_,1.7
net198,1.7
_1604_,1.68
_0566_,1.6
_3338_,1.56
_3478_,1.48
_0193_,1.38
_1229_,1.38
_2291_,1.38
_2720_,1.38
_2972_,1.38
_1046_,1.36
_1148_,1.26
_2378_,1.26
_2927_,1.26
_2963_,1.26
_2989_,1.26
_3020_,1.26
_3033_,1.26
net176,1.26
_2897_,1.22
_1462_,1.15
_0195_,1.14
_1201_,1.14
_1892_,1.14
_2579_,1.14
_0894_,1.02
_2935_,0.92
_3103_,0.92
_2297_,0.82
_2913_,0.8
_2917_,0.8
_0902_,0.46
_1278_,0.46
